PassengerId,Survived,Pclass,Sex,Age,SibSp,Parch,Fare,Cabin,Embarked,Title,class_ticket,num_ticket
1,0,3,male,22.0,1,0,7.25,U,S,Mr,A,21171
2,1,1,female,38.0,1,0,71.2833,C,C,Mrs,PC,17599
3,1,3,female,26.0,0,0,7.925,U,S,Miss,STONO,3101282
4,1,1,female,35.0,1,0,53.1,C,S,Mrs,U,113803
5,0,3,male,35.0,0,0,8.05,U,S,Mr,U,373450
6,0,3,male,29.69911764705882,0,0,8.4583,U,Q,Mr,U,330877
7,0,1,male,54.0,0,0,51.8625,E,S,Mr,U,17463
8,0,3,male,2.0,3,1,21.075,U,S,Master,U,349909
9,1,3,female,27.0,0,2,11.1333,U,S,Mrs,U,347742
10,1,2,female,14.0,1,0,30.0708,U,C,Mrs,U,237736
11,1,3,female,4.0,1,1,16.7,G,S,Miss,PP,9549
12,1,1,female,58.0,0,0,26.55,C,S,Miss,U,113783
13,0,3,male,20.0,0,0,8.05,U,S,Mr,A,2151
14,0,3,male,39.0,1,5,31.275,U,S,Mr,U,347082
15,0,3,female,14.0,0,0,7.8542,U,S,Miss,U,350406
16,1,2,female,55.0,0,0,16.0,U,S,Mrs,U,248706
17,0,3,male,2.0,4,1,29.125,U,Q,Master,U,382652
18,1,2,male,29.69911764705882,0,0,13.0,U,S,Mr,U,244373
19,0,3,female,31.0,1,0,18.0,U,S,Mrs,U,345763
20,1,3,female,29.69911764705882,0,0,7.225,U,C,Mrs,U,2649
21,0,2,male,35.0,0,0,26.0,U,S,Mr,U,239865
22,1,2,male,34.0,0,0,13.0,D,S,Mr,U,248698
23,1,3,female,15.0,0,0,8.0292,U,Q,Miss,U,330923
24,1,1,male,28.0,0,0,35.5,A,S,Mr,U,113788
25,0,3,female,8.0,3,1,21.075,U,S,Miss,U,349909
26,1,3,female,38.0,1,5,31.3875,U,S,Mrs,U,347077
27,0,3,male,29.69911764705882,0,0,7.225,U,C,Mr,U,2631
28,0,1,male,19.0,3,2,263.0,C,S,Mr,U,19950
29,1,3,female,29.69911764705882,0,0,7.8792,U,Q,Miss,U,330959
30,0,3,male,29.69911764705882,0,0,7.8958,U,S,Mr,U,349216
31,0,1,male,40.0,0,0,27.7208,U,C,Don,PC,17601
32,1,1,female,29.69911764705882,1,0,146.5208,B,C,Mrs,PC,17569
33,1,3,female,29.69911764705882,0,0,7.75,U,Q,Miss,U,335677
34,0,2,male,66.0,0,0,10.5,U,S,Mr,CA,24579
35,0,1,male,28.0,1,0,82.1708,U,C,Mr,PC,17604
36,0,1,male,42.0,1,0,52.0,U,S,Mr,U,113789
37,1,3,male,29.69911764705882,0,0,7.2292,U,C,Mr,U,2677
38,0,3,male,21.0,0,0,8.05,U,S,Mr,A,2152
39,0,3,female,18.0,2,0,18.0,U,S,Miss,U,345764
40,1,3,female,14.0,1,0,11.2417,U,C,Miss,U,2651
41,0,3,female,40.0,1,0,9.475,U,S,Mrs,U,7546
42,0,2,female,27.0,1,0,21.0,U,S,Mrs,U,11668
43,0,3,male,29.69911764705882,0,0,7.8958,U,C,Mr,U,349253
44,1,2,female,3.0,1,2,41.5792,U,C,Miss,SCParis,2123
45,1,3,female,19.0,0,0,7.8792,U,Q,Miss,U,330958
46,0,3,male,29.69911764705882,0,0,8.05,U,S,Mr,SCA,23567
47,0,3,male,29.69911764705882,1,0,15.5,U,Q,Mr,U,370371
48,1,3,female,29.69911764705882,0,0,7.75,U,Q,Miss,U,14311
49,0,3,male,29.69911764705882,2,0,21.6792,U,C,Mr,U,2662
50,0,3,female,18.0,1,0,17.8,U,S,Mrs,U,349237
51,0,3,male,7.0,4,1,39.6875,U,S,Master,U,3101295
52,0,3,male,21.0,0,0,7.8,U,S,Mr,A,39886
53,1,1,female,49.0,1,0,76.7292,D,C,Mrs,PC,17572
54,1,2,female,29.0,1,0,26.0,U,S,Mrs,U,2926
55,0,1,male,65.0,0,1,61.9792,B,C,Mr,U,113509
56,1,1,male,29.69911764705882,0,0,35.5,C,S,Mr,U,19947
57,1,2,female,21.0,0,0,10.5,U,S,Miss,CA,31026
58,0,3,male,28.5,0,0,7.2292,U,C,Mr,U,2697
59,1,2,female,5.0,1,2,27.75,U,S,Miss,CA,34651
60,0,3,male,11.0,5,2,46.9,U,S,Master,CA,2144
61,0,3,male,22.0,0,0,7.2292,U,C,Mr,U,2669
62,1,1,female,38.0,0,0,80.0,B,U,Miss,U,113572
63,0,1,male,45.0,1,0,83.475,C,S,Mr,U,36973
64,0,3,male,4.0,3,2,27.9,U,S,Master,U,347088
65,0,1,male,29.69911764705882,0,0,27.7208,U,C,Mr,PC,17605
66,1,3,male,29.69911764705882,1,1,15.2458,U,C,Master,U,2661
67,1,2,female,29.0,0,0,10.5,F,S,Mrs,CA,29395
68,0,3,male,19.0,0,0,8.1583,U,S,Mr,SP,3464
69,1,3,female,17.0,4,2,7.925,U,S,Miss,U,3101281
70,0,3,male,26.0,2,0,8.6625,U,S,Mr,U,315151
71,0,2,male,32.0,0,0,10.5,U,S,Mr,CA,33111
72,0,3,female,16.0,5,2,46.9,U,S,Miss,CA,2144
73,0,2,male,21.0,0,0,73.5,U,S,Mr,SOC,14879
74,0,3,male,26.0,1,0,14.4542,U,C,Mr,U,2680
75,1,3,male,32.0,0,0,56.4958,U,S,Mr,U,1601
76,0,3,male,25.0,0,0,7.65,F,S,Mr,U,348123
77,0,3,male,29.69911764705882,0,0,7.8958,U,S,Mr,U,349208
78,0,3,male,29.69911764705882,0,0,8.05,U,S,Mr,U,374746
79,1,2,male,0.83,0,2,29.0,U,S,Master,U,248738
80,1,3,female,30.0,0,0,12.475,U,S,Miss,U,364516
81,0,3,male,22.0,0,0,9.0,U,S,Mr,U,345767
82,1,3,male,29.0,0,0,9.5,U,S,Mr,U,345779
83,1,3,female,29.69911764705882,0,0,7.7875,U,Q,Miss,U,330932
84,0,1,male,28.0,0,0,47.1,U,S,Mr,U,113059
85,1,2,female,17.0,0,0,10.5,U,S,Miss,SOC,14885
86,1,3,female,33.0,3,0,15.85,U,S,Mrs,U,3101278
87,0,3,male,16.0,1,3,34.375,U,S,Mr,WC,6608
88,0,3,male,29.69911764705882,0,0,8.05,U,S,Mr,SOTONOQ,392086
89,1,1,female,23.0,3,2,263.0,C,S,Miss,U,19950
90,0,3,male,24.0,0,0,8.05,U,S,Mr,U,343275
91,0,3,male,29.0,0,0,8.05,U,S,Mr,U,343276
92,0,3,male,20.0,0,0,7.8542,U,S,Mr,U,347466
93,0,1,male,46.0,1,0,61.175,E,S,Mr,WEP,5734
94,0,3,male,26.0,1,2,20.575,U,S,Mr,CA,2315
95,0,3,male,59.0,0,0,7.25,U,S,Mr,U,364500
96,0,3,male,29.69911764705882,0,0,8.05,U,S,Mr,U,374910
97,0,1,male,71.0,0,0,34.6542,A,C,Mr,PC,17754
98,1,1,male,23.0,0,1,63.3583,D,C,Mr,PC,17759
99,1,2,female,34.0,0,1,23.0,U,S,Mrs,U,231919
100,0,2,male,34.0,1,0,26.0,U,S,Mr,U,244367
101,0,3,female,28.0,0,0,7.8958,U,S,Miss,U,349245
102,0,3,male,29.69911764705882,0,0,7.8958,U,S,Mr,U,349215
103,0,1,male,21.0,0,1,77.2875,D,S,Mr,U,35281
104,0,3,male,33.0,0,0,8.6542,U,S,Mr,U,7540
105,0,3,male,37.0,2,0,7.925,U,S,Mr,U,3101276
106,0,3,male,28.0,0,0,7.8958,U,S,Mr,U,349207
107,1,3,female,21.0,0,0,7.65,U,S,Miss,U,343120
108,1,3,male,29.69911764705882,0,0,7.775,U,S,Mr,U,312991
109,0,3,male,38.0,0,0,7.8958,U,S,Mr,U,349249
110,1,3,female,29.69911764705882,1,0,24.15,U,Q,Miss,U,371110
111,0,1,male,47.0,0,0,52.0,C,S,Mr,U,110465
112,0,3,female,14.5,1,0,14.4542,U,C,Miss,U,2665
113,0,3,male,22.0,0,0,8.05,U,S,Mr,U,324669
114,0,3,female,20.0,1,0,9.825,U,S,Miss,U,4136
115,0,3,female,17.0,0,0,14.4583,U,C,Miss,U,2627
116,0,3,male,21.0,0,0,7.925,U,S,Mr,STONO,23101294
117,0,3,male,70.5,0,0,7.75,U,Q,Mr,U,370369
118,0,2,male,29.0,1,0,21.0,U,S,Mr,U,11668
119,0,1,male,24.0,0,1,247.5208,B,C,Mr,PC,17558
120,0,3,female,2.0,4,2,31.275,U,S,Miss,U,347082
121,0,2,male,21.0,2,0,73.5,U,S,Mr,SOC,14879
122,0,3,male,29.69911764705882,0,0,8.05,U,S,Mr,A,54510
123,0,2,male,32.5,1,0,30.0708,U,C,Mr,U,237736
124,1,2,female,32.5,0,0,13.0,E,S,Miss,U,27267
125,0,1,male,54.0,0,1,77.2875,D,S,Mr,U,35281
126,1,3,male,12.0,1,0,11.2417,U,C,Master,U,2651
127,0,3,male,29.69911764705882,0,0,7.75,U,Q,Mr,U,370372
128,1,3,male,24.0,0,0,7.1417,U,S,Mr,C,17369
129,1,3,female,29.69911764705882,1,1,22.3583,F,C,Miss,U,2668
130,0,3,male,45.0,0,0,6.975,U,S,Mr,U,347061
131,0,3,male,33.0,0,0,7.8958,U,C,Mr,U,349241
132,0,3,male,20.0,0,0,7.05,U,S,Mr,SOTONOQ,3101307
133,0,3,female,47.0,1,0,14.5,U,S,Mrs,A,3337
134,1,2,female,29.0,1,0,26.0,U,S,Mrs,U,228414
135,0,2,male,25.0,0,0,13.0,U,S,Mr,CA,29178
136,0,2,male,23.0,0,0,15.0458,U,C,Mr,SCPARIS,2133
137,1,1,female,19.0,0,2,26.2833,D,S,Miss,U,11752
138,0,1,male,37.0,1,0,53.1,C,S,Mr,U,113803
139,0,3,male,16.0,0,0,9.2167,U,S,Mr,U,7534
140,0,1,male,24.0,0,0,79.2,B,C,Mr,PC,17593
141,0,3,female,29.69911764705882,0,2,15.2458,U,C,Mrs,U,2678
142,1,3,female,22.0,0,0,7.75,U,S,Miss,U,347081
143,1,3,female,24.0,1,0,15.85,U,S,Mrs,STONO,3101279
144,0,3,male,19.0,0,0,6.75,U,Q,Mr,U,365222
145,0,2,male,18.0,0,0,11.5,U,S,Mr,U,231945
146,0,2,male,19.0,1,1,36.75,U,S,Mr,CA,33112
147,1,3,male,27.0,0,0,7.7958,U,S,Mr,U,350043
148,0,3,female,9.0,2,2,34.375,U,S,Miss,WC,6608
149,0,2,male,36.5,0,2,26.0,F,S,Mr,U,230080
150,0,2,male,42.0,0,0,13.0,U,S,Rev,U,244310
151,0,2,male,51.0,0,0,12.525,U,S,Rev,SOP,1166
152,1,1,female,22.0,1,0,66.6,C,S,Mrs,U,113776
153,0,3,male,55.5,0,0,8.05,U,S,Mr,A,11206
154,0,3,male,40.5,0,2,14.5,U,S,Mr,A,851
155,0,3,male,29.69911764705882,0,0,7.3125,U,S,Mr,Fa,265302
156,0,1,male,51.0,0,1,61.3792,U,C,Mr,PC,17597
157,1,3,female,16.0,0,0,7.7333,U,Q,Miss,U,35851
158,0,3,male,30.0,0,0,8.05,U,S,Mr,SOTONOQ,392090
159,0,3,male,29.69911764705882,0,0,8.6625,U,S,Mr,U,315037
160,0,3,male,29.69911764705882,8,2,69.55,U,S,Master,CA,2343
161,0,3,male,44.0,0,1,16.1,U,S,Mr,U,371362
162,1,2,female,40.0,0,0,15.75,U,S,Mrs,CA,33595
163,0,3,male,26.0,0,0,7.775,U,S,Mr,U,347068
164,0,3,male,17.0,0,0,8.6625,U,S,Mr,U,315093
165,0,3,male,1.0,4,1,39.6875,U,S,Master,U,3101295
166,1,3,male,9.0,0,2,20.525,U,S,Master,U,363291
167,1,1,female,29.69911764705882,0,1,55.0,E,S,Mrs,U,113505
168,0,3,female,45.0,1,4,27.9,U,S,Mrs,U,347088
169,0,1,male,29.69911764705882,0,0,25.925,U,S,Mr,PC,17318
170,0,3,male,28.0,0,0,56.4958,U,S,Mr,U,1601
171,0,1,male,61.0,0,0,33.5,B,S,Mr,U,111240
172,0,3,male,4.0,4,1,29.125,U,Q,Master,U,382652
173,1,3,female,1.0,1,1,11.1333,U,S,Miss,U,347742
174,0,3,male,21.0,0,0,7.925,U,S,Mr,STONO,23101280
175,0,1,male,56.0,0,0,30.6958,A,C,Mr,U,17764
176,0,3,male,18.0,1,1,7.8542,U,S,Mr,U,350404
177,0,3,male,29.69911764705882,3,1,25.4667,U,S,Master,U,4133
178,0,1,female,50.0,0,0,28.7125,C,C,Miss,PC,17595
179,0,2,male,30.0,0,0,13.0,U,S,Mr,U,250653
180,0,3,male,36.0,0,0,0.0,U,S,Mr,LINE,0
181,0,3,female,29.69911764705882,8,2,69.55,U,S,Miss,CA,2343
182,0,2,male,29.69911764705882,0,0,15.05,U,C,Mr,SCPARIS,2131
183,0,3,male,9.0,4,2,31.3875,U,S,Master,U,347077
184,1,2,male,1.0,2,1,39.0,F,S,Master,U,230136
185,1,3,female,4.0,0,2,22.025,U,S,Miss,U,315153
186,0,1,male,29.69911764705882,0,0,50.0,A,S,Mr,U,113767
187,1,3,female,29.69911764705882,1,0,15.5,U,Q,Mrs,U,370365
188,1,1,male,45.0,0,0,26.55,U,S,Mr,U,111428
189,0,3,male,40.0,1,1,15.5,U,Q,Mr,U,364849
190,0,3,male,36.0,0,0,7.8958,U,S,Mr,U,349247
191,1,2,female,32.0,0,0,13.0,U,S,Mrs,U,234604
192,0,2,male,19.0,0,0,13.0,U,S,Mr,U,28424
193,1,3,female,19.0,1,0,7.8542,U,S,Miss,U,350046
194,1,2,male,3.0,1,1,26.0,F,S,Master,U,230080
195,1,1,female,44.0,0,0,27.7208,B,C,Mrs,PC,17610
196,1,1,female,58.0,0,0,146.5208,B,C,Miss,PC,17569
197,0,3,male,29.69911764705882,0,0,7.75,U,Q,Mr,U,368703
198,0,3,male,42.0,0,1,8.4042,U,S,Mr,U,4579
199,1,3,female,29.69911764705882,0,0,7.75,U,Q,Miss,U,370370
200,0,2,female,24.0,0,0,13.0,U,S,Miss,U,248747
201,0,3,male,28.0,0,0,9.5,U,S,Mr,U,345770
202,0,3,male,29.69911764705882,8,2,69.55,U,S,Mr,CA,2343
203,0,3,male,34.0,0,0,6.4958,U,S,Mr,U,3101264
204,0,3,male,45.5,0,0,7.225,U,C,Mr,U,2628
205,1,3,male,18.0,0,0,8.05,U,S,Mr,A,3540
206,0,3,female,2.0,0,1,10.4625,G,S,Miss,U,347054
207,0,3,male,32.0,1,0,15.85,U,S,Mr,U,3101278
208,1,3,male,26.0,0,0,18.7875,U,C,Mr,U,2699
209,1,3,female,16.0,0,0,7.75,U,Q,Miss,U,367231
210,1,1,male,40.0,0,0,31.0,A,C,Mr,U,112277
211,0,3,male,24.0,0,0,7.05,U,S,Mr,SOTONOQ,3101311
212,1,2,female,35.0,0,0,21.0,U,S,Miss,FCC,13528
213,0,3,male,22.0,0,0,7.25,U,S,Mr,A,21174
214,0,2,male,30.0,0,0,13.0,U,S,Mr,U,250646
215,0,3,male,29.69911764705882,1,0,7.75,U,Q,Mr,U,367229
216,1,1,female,31.0,1,0,113.275,D,C,Miss,U,35273
217,1,3,female,27.0,0,0,7.925,U,S,Miss,STONO,3101283
218,0,2,male,42.0,1,0,27.0,U,S,Mr,U,243847
219,1,1,female,32.0,0,0,76.2917,D,C,Miss,U,11813
220,0,2,male,30.0,0,0,10.5,U,S,Mr,WC,14208
221,1,3,male,16.0,0,0,8.05,U,S,Mr,SOTONOQ,392089
222,0,2,male,27.0,0,0,13.0,U,S,Mr,U,220367
223,0,3,male,51.0,0,0,8.05,U,S,Mr,U,21440
224,0,3,male,29.69911764705882,0,0,7.8958,U,S,Mr,U,349234
225,1,1,male,38.0,1,0,90.0,C,S,Mr,U,19943
226,0,3,male,22.0,0,0,9.35,U,S,Mr,PP,4348
227,1,2,male,19.0,0,0,10.5,U,S,Mr,SWPP,751
228,0,3,male,20.5,0,0,7.25,U,S,Mr,A,21173
229,0,2,male,18.0,0,0,13.0,U,S,Mr,U,236171
230,0,3,female,29.69911764705882,3,1,25.4667,U,S,Miss,U,4133
231,1,1,female,35.0,1,0,83.475,C,S,Mrs,U,36973
232,0,3,male,29.0,0,0,7.775,U,S,Mr,U,347067
233,0,2,male,59.0,0,0,13.5,U,S,Mr,U,237442
234,1,3,female,5.0,4,2,31.3875,U,S,Miss,U,347077
235,0,2,male,24.0,0,0,10.5,U,S,Mr,CA,29566
236,0,3,female,29.69911764705882,0,0,7.55,U,S,Miss,WC,6609
237,0,2,male,44.0,1,0,26.0,U,S,Mr,U,26707
238,1,2,female,8.0,0,2,26.25,U,S,Miss,CA,31921
239,0,2,male,19.0,0,0,10.5,U,S,Mr,U,28665
240,0,2,male,33.0,0,0,12.275,U,S,Mr,SCOW,1585
241,0,3,female,29.69911764705882,1,0,14.4542,U,C,Miss,U,2665
242,1,3,female,29.69911764705882,1,0,15.5,U,Q,Miss,U,367230
243,0,2,male,29.0,0,0,10.5,U,S,Mr,WC,14263
244,0,3,male,22.0,0,0,7.125,U,S,Mr,STONO,23101275
245,0,3,male,30.0,0,0,7.225,U,C,Mr,U,2694
246,0,1,male,44.0,2,0,90.0,C,Q,Dr,U,19928
247,0,3,female,25.0,0,0,7.775,U,S,Miss,U,347071
248,1,2,female,24.0,0,2,14.5,U,S,Mrs,U,250649
249,1,1,male,37.0,1,1,52.5542,D,S,Mr,U,11751
250,0,2,male,54.0,1,0,26.0,U,S,Rev,U,244252
251,0,3,male,29.69911764705882,0,0,7.25,U,S,Mr,U,362316
252,0,3,female,29.0,1,1,10.4625,G,S,Mrs,U,347054
253,0,1,male,62.0,0,0,26.55,C,S,Mr,U,113514
254,0,3,male,30.0,1,0,16.1,U,S,Mr,A,3336
255,0,3,female,41.0,0,2,20.2125,U,S,Mrs,U,370129
256,1,3,female,29.0,0,2,15.2458,U,C,Mrs,U,2650
257,1,1,female,29.69911764705882,0,0,79.2,U,C,Mrs,PC,17585
258,1,1,female,30.0,0,0,86.5,B,S,Miss,U,110152
259,1,1,female,35.0,0,0,512.3292,U,C,Miss,PC,17755
260,1,2,female,50.0,0,1,26.0,U,S,Mrs,U,230433
261,0,3,male,29.69911764705882,0,0,7.75,U,Q,Mr,U,384461
262,1,3,male,3.0,4,2,31.3875,U,S,Master,U,347077
263,0,1,male,52.0,1,1,79.65,E,S,Mr,U,110413
264,0,1,male,40.0,0,0,0.0,B,S,Mr,U,112059
265,0,3,female,29.69911764705882,0,0,7.75,U,Q,Miss,U,382649
266,0,2,male,36.0,0,0,10.5,U,S,Mr,CA,17248
267,0,3,male,16.0,4,1,39.6875,U,S,Mr,U,3101295
268,1,3,male,25.0,1,0,7.775,U,S,Mr,U,347083
269,1,1,female,58.0,0,1,153.4625,C,S,Mrs,PC,17582
270,1,1,female,35.0,0,0,135.6333,C,S,Miss,PC,17760
271,0,1,male,29.69911764705882,0,0,31.0,U,S,Mr,U,113798
272,1,3,male,25.0,0,0,0.0,U,S,Mr,LINE,0
273,1,2,female,41.0,0,1,19.5,U,S,Mrs,U,250644
274,0,1,male,37.0,0,1,29.7,C,C,Mr,PC,17596
275,1,3,female,29.69911764705882,0,0,7.75,U,Q,Miss,U,370375
276,1,1,female,63.0,1,0,77.9583,D,S,Miss,U,13502
277,0,3,female,45.0,0,0,7.75,U,S,Miss,U,347073
278,0,2,male,29.69911764705882,0,0,0.0,U,S,Mr,U,239853
279,0,3,male,7.0,4,1,29.125,U,Q,Master,U,382652
280,1,3,female,35.0,1,1,20.25,U,S,Mrs,CA,2673
281,0,3,male,65.0,0,0,7.75,U,Q,Mr,U,336439
282,0,3,male,28.0,0,0,7.8542,U,S,Mr,U,347464
283,0,3,male,16.0,0,0,9.5,U,S,Mr,U,345778
284,1,3,male,19.0,0,0,8.05,U,S,Mr,A,10482
285,0,1,male,29.69911764705882,0,0,26.0,A,S,Mr,U,113056
286,0,3,male,33.0,0,0,8.6625,U,C,Mr,U,349239
287,1,3,male,30.0,0,0,9.5,U,S,Mr,U,345774
288,0,3,male,22.0,0,0,7.8958,U,S,Mr,U,349206
289,1,2,male,42.0,0,0,13.0,U,S,Mr,U,237798
290,1,3,female,22.0,0,0,7.75,U,Q,Miss,U,370373
291,1,1,female,26.0,0,0,78.85,U,S,Miss,U,19877
292,1,1,female,19.0,1,0,91.0792,B,C,Mrs,U,11967
293,0,2,male,36.0,0,0,12.875,D,C,Mr,SCParis,2163
294,0,3,female,24.0,0,0,8.85,U,S,Miss,U,349236
295,0,3,male,24.0,0,0,7.8958,U,S,Mr,U,349233
296,0,1,male,29.69911764705882,0,0,27.7208,U,C,Mr,PC,17612
297,0,3,male,23.5,0,0,7.2292,U,C,Mr,U,2693
298,0,1,female,2.0,1,2,151.55,C,S,Miss,U,113781
299,1,1,male,29.69911764705882,0,0,30.5,C,S,Mr,U,19988
300,1,1,female,50.0,0,1,247.5208,B,C,Mrs,PC,17558
301,1,3,female,29.69911764705882,0,0,7.75,U,Q,Miss,U,9234
302,1,3,male,29.69911764705882,2,0,23.25,U,Q,Mr,U,367226
303,0,3,male,19.0,0,0,0.0,U,S,Mr,LINE,0
304,1,2,female,29.69911764705882,0,0,12.35,E,Q,Miss,U,226593
305,0,3,male,29.69911764705882,0,0,8.05,U,S,Mr,A,2466
306,1,1,male,0.92,1,2,151.55,C,S,Master,U,113781
307,1,1,female,29.69911764705882,0,0,110.8833,U,C,Miss,U,17421
308,1,1,female,17.0,1,0,108.9,C,C,Mrs,PC,17758
309,0,2,male,30.0,1,0,24.0,U,C,Mr,PPP,3381
310,1,1,female,30.0,0,0,56.9292,E,C,Miss,PC,17485
311,1,1,female,24.0,0,0,83.1583,C,C,Miss,U,11767
312,1,1,female,18.0,2,2,262.375,B,C,Miss,PC,17608
313,0,2,female,26.0,1,1,26.0,U,S,Mrs,U,250651
314,0,3,male,28.0,0,0,7.8958,U,S,Mr,U,349243
315,0,2,male,43.0,1,1,26.25,U,S,Mr,FCC,13529
316,1,3,female,26.0,0,0,7.8542,U,S,Miss,U,347470
317,1,2,female,24.0,1,0,26.0,U,S,Mrs,U,244367
318,0,2,male,54.0,0,0,14.0,U,S,Dr,U,29011
319,1,1,female,31.0,0,2,164.8667,C,S,Miss,U,36928
320,1,1,female,40.0,1,1,134.5,E,C,Mrs,U,16966
321,0,3,male,22.0,0,0,7.25,U,S,Mr,A,21172
322,0,3,male,27.0,0,0,7.8958,U,S,Mr,U,349219
323,1,2,female,30.0,0,0,12.35,U,Q,Miss,U,234818
324,1,2,female,22.0,1,1,29.0,U,S,Mrs,U,248738
325,0,3,male,29.69911764705882,8,2,69.55,U,S,Mr,CA,2343
326,1,1,female,36.0,0,0,135.6333,C,C,Miss,PC,17760
327,0,3,male,61.0,0,0,6.2375,U,S,Mr,U,345364
328,1,2,female,36.0,0,0,13.0,D,S,Mrs,U,28551
329,1,3,female,31.0,1,1,20.525,U,S,Mrs,U,363291
330,1,1,female,16.0,0,1,57.9792,B,C,Miss,U,111361
331,1,3,female,29.69911764705882,2,0,23.25,U,Q,Miss,U,367226
332,0,1,male,45.5,0,0,28.5,C,S,Mr,U,113043
333,0,1,male,38.0,0,1,153.4625,C,S,Mr,PC,17582
334,0,3,male,16.0,2,0,18.0,U,S,Mr,U,345764
335,1,1,female,29.69911764705882,1,0,133.65,U,S,Mrs,PC,17611
336,0,3,male,29.69911764705882,0,0,7.8958,U,S,Mr,U,349225
337,0,1,male,29.0,1,0,66.6,C,S,Mr,U,113776
338,1,1,female,41.0,0,0,134.5,E,C,Miss,U,16966
339,1,3,male,45.0,0,0,8.05,U,S,Mr,U,7598
340,0,1,male,45.0,0,0,35.5,T,S,Mr,U,113784
341,1,2,male,2.0,1,1,26.0,F,S,Master,U,230080
342,1,1,female,24.0,3,2,263.0,C,S,Miss,U,19950
343,0,2,male,28.0,0,0,13.0,U,S,Mr,U,248740
344,0,2,male,25.0,0,0,13.0,U,S,Mr,U,244361
345,0,2,male,36.0,0,0,13.0,U,S,Mr,U,229236
346,1,2,female,24.0,0,0,13.0,F,S,Miss,U,248733
347,1,2,female,40.0,0,0,13.0,U,S,Miss,U,31418
348,1,3,female,29.69911764705882,1,0,16.1,U,S,Mrs,U,386525
349,1,3,male,3.0,1,1,15.9,U,S,Master,CA,37671
350,0,3,male,42.0,0,0,8.6625,U,S,Mr,U,315088
351,0,3,male,23.0,0,0,9.225,U,S,Mr,U,7267
352,0,1,male,29.69911764705882,0,0,35.0,C,S,Mr,U,113510
353,0,3,male,15.0,1,1,7.2292,U,C,Mr,U,2695
354,0,3,male,25.0,1,0,17.8,U,S,Mr,U,349237
355,0,3,male,29.69911764705882,0,0,7.225,U,C,Mr,U,2647
356,0,3,male,28.0,0,0,9.5,U,S,Mr,U,345783
357,1,1,female,22.0,0,1,55.0,E,S,Miss,U,113505
358,0,2,female,38.0,0,0,13.0,U,S,Miss,U,237671
359,1,3,female,29.69911764705882,0,0,7.8792,U,Q,Miss,U,330931
360,1,3,female,29.69911764705882,0,0,7.8792,U,Q,Miss,U,330980
361,0,3,male,40.0,1,4,27.9,U,S,Mr,U,347088
362,0,2,male,29.0,1,0,27.7208,U,C,Mr,SCPARIS,2167
363,0,3,female,45.0,0,1,14.4542,U,C,Mrs,U,2691
364,0,3,male,35.0,0,0,7.05,U,S,Mr,SOTONOQ,3101310
365,0,3,male,29.69911764705882,1,0,15.5,U,Q,Mr,U,370365
366,0,3,male,30.0,0,0,7.25,U,S,Mr,C,7076
367,1,1,female,60.0,1,0,75.25,D,C,Mrs,U,110813
368,1,3,female,29.69911764705882,0,0,7.2292,U,C,Mrs,U,2626
369,1,3,female,29.69911764705882,0,0,7.75,U,Q,Miss,U,14313
370,1,1,female,24.0,0,0,69.3,B,C,Mme,PC,17477
371,1,1,male,25.0,1,0,55.4417,E,C,Mr,U,11765
372,0,3,male,18.0,1,0,6.4958,U,S,Mr,U,3101267
373,0,3,male,19.0,0,0,8.05,U,S,Mr,U,323951
374,0,1,male,22.0,0,0,135.6333,U,C,Mr,PC,17760
375,0,3,female,3.0,3,1,21.075,U,S,Miss,U,349909
376,1,1,female,29.69911764705882,1,0,82.1708,U,C,Mrs,PC,17604
377,1,3,female,22.0,0,0,7.25,U,S,Miss,C,7077
378,0,1,male,27.0,0,2,211.5,C,C,Mr,U,113503
379,0,3,male,20.0,0,0,4.0125,U,C,Mr,U,2648
380,0,3,male,19.0,0,0,7.775,U,S,Mr,U,347069
381,1,1,female,42.0,0,0,227.525,U,C,Miss,PC,17757
382,1,3,female,1.0,0,2,15.7417,U,C,Miss,U,2653
383,0,3,male,32.0,0,0,7.925,U,S,Mr,STONO,23101293
384,1,1,female,35.0,1,0,52.0,U,S,Mrs,U,113789
385,0,3,male,29.69911764705882,0,0,7.8958,U,S,Mr,U,349227
386,0,2,male,18.0,0,0,73.5,U,S,Mr,SOC,14879
387,0,3,male,1.0,5,2,46.9,U,S,Master,CA,2144
388,1,2,female,36.0,0,0,13.0,U,S,Miss,U,27849
389,0,3,male,29.69911764705882,0,0,7.7292,U,Q,Mr,U,367655
390,1,2,female,17.0,0,0,12.0,U,C,Miss,SC,1748
391,1,1,male,36.0,1,2,120.0,B,S,Mr,U,113760
392,1,3,male,21.0,0,0,7.7958,U,S,Mr,U,350034
393,0,3,male,28.0,2,0,7.925,U,S,Mr,U,3101277
394,1,1,female,23.0,1,0,113.275,D,C,Miss,U,35273
395,1,3,female,24.0,0,2,16.7,G,S,Mrs,PP,9549
396,0,3,male,22.0,0,0,7.7958,U,S,Mr,U,350052
397,0,3,female,31.0,0,0,7.8542,U,S,Miss,U,350407
398,0,2,male,46.0,0,0,26.0,U,S,Mr,U,28403
399,0,2,male,23.0,0,0,10.5,U,S,Dr,U,244278
400,1,2,female,28.0,0,0,12.65,U,S,Mrs,U,240929
401,1,3,male,39.0,0,0,7.925,U,S,Mr,STONO,23101289
402,0,3,male,26.0,0,0,8.05,U,S,Mr,U,341826
403,0,3,female,21.0,1,0,9.825,U,S,Miss,U,4137
404,0,3,male,28.0,1,0,15.85,U,S,Mr,STONO,3101279
405,0,3,female,20.0,0,0,8.6625,U,S,Miss,U,315096
406,0,2,male,34.0,1,0,21.0,U,S,Mr,U,28664
407,0,3,male,51.0,0,0,7.75,U,S,Mr,U,347064
408,1,2,male,3.0,1,1,18.75,U,S,Master,U,29106
409,0,3,male,21.0,0,0,7.775,U,S,Mr,U,312992
410,0,3,female,29.69911764705882,3,1,25.4667,U,S,Miss,U,4133
411,0,3,male,29.69911764705882,0,0,7.8958,U,S,Mr,U,349222
412,0,3,male,29.69911764705882,0,0,6.8583,U,Q,Mr,U,394140
413,1,1,female,33.0,1,0,90.0,C,Q,Miss,U,19928
414,0,2,male,29.69911764705882,0,0,0.0,U,S,Mr,U,239853
415,1,3,male,44.0,0,0,7.925,U,S,Mr,STONO,23101269
416,0,3,female,29.69911764705882,0,0,8.05,U,S,Mrs,U,343095
417,1,2,female,34.0,1,1,32.5,U,S,Mrs,U,28220
418,1,2,female,18.0,0,2,13.0,U,S,Miss,U,250652
419,0,2,male,30.0,0,0,13.0,U,S,Mr,U,28228
420,0,3,female,10.0,0,2,24.15,U,S,Miss,U,345773
421,0,3,male,29.69911764705882,0,0,7.8958,U,C,Mr,U,349254
422,0,3,male,21.0,0,0,7.7333,U,Q,Mr,A,13032
423,0,3,male,29.0,0,0,7.875,U,S,Mr,U,315082
424,0,3,female,28.0,1,1,14.4,U,S,Mrs,U,347080
425,0,3,male,18.0,1,1,20.2125,U,S,Mr,U,370129
426,0,3,male,29.69911764705882,0,0,7.25,U,S,Mr,A,34244
427,1,2,female,28.0,1,0,26.0,U,S,Mrs,U,2003
428,1,2,female,19.0,0,0,26.0,U,S,Miss,U,250655
429,0,3,male,29.69911764705882,0,0,7.75,U,Q,Mr,U,364851
430,1,3,male,32.0,0,0,8.05,E,S,Mr,SOTONOQ,392078
431,1,1,male,28.0,0,0,26.55,C,S,Mr,U,110564
432,1,3,female,29.69911764705882,1,0,16.1,U,S,Mrs,U,376564
433,1,2,female,42.0,1,0,26.0,U,S,Mrs,SCAH,3085
434,0,3,male,17.0,0,0,7.125,U,S,Mr,STONO,23101274
435,0,1,male,50.0,1,0,55.9,E,S,Mr,U,13507
436,1,1,female,14.0,1,2,120.0,B,S,Miss,U,113760
437,0,3,female,21.0,2,2,34.375,U,S,Miss,WC,6608
438,1,2,female,24.0,2,3,18.75,U,S,Mrs,U,29106
439,0,1,male,64.0,1,4,263.0,C,S,Mr,U,19950
440,0,2,male,31.0,0,0,10.5,U,S,Mr,CA,18723
441,1,2,female,45.0,1,1,26.25,U,S,Mrs,FCC,13529
442,0,3,male,20.0,0,0,9.5,U,S,Mr,U,345769
443,0,3,male,25.0,1,0,7.775,U,S,Mr,U,347076
444,1,2,female,28.0,0,0,13.0,U,S,Ms,U,230434
445,1,3,male,29.69911764705882,0,0,8.1125,U,S,Mr,U,65306
446,1,1,male,4.0,0,2,81.8583,A,S,Master,U,33638
447,1,2,female,13.0,0,1,19.5,U,S,Miss,U,250644
448,1,1,male,34.0,0,0,26.55,U,S,Mr,U,113794
449,1,3,female,5.0,2,1,19.2583,U,C,Miss,U,2666
450,1,1,male,52.0,0,0,30.5,C,S,Major,U,113786
451,0,2,male,36.0,1,2,27.75,U,S,Mr,CA,34651
452,0,3,male,29.69911764705882,1,0,19.9667,U,S,Mr,U,65303
453,0,1,male,30.0,0,0,27.75,C,C,Mr,U,113051
454,1,1,male,49.0,1,0,89.1042,C,C,Mr,U,17453
455,0,3,male,29.69911764705882,0,0,8.05,U,S,Mr,A,2817
456,1,3,male,29.0,0,0,7.8958,U,C,Mr,U,349240
457,0,1,male,65.0,0,0,26.55,E,S,Mr,U,13509
458,1,1,female,29.69911764705882,1,0,51.8625,D,S,Mrs,U,17464
459,1,2,female,50.0,0,0,10.5,U,S,Miss,FCC,13531
460,0,3,male,29.69911764705882,0,0,7.75,U,Q,Mr,U,371060
461,1,1,male,48.0,0,0,26.55,E,S,Mr,U,19952
462,0,3,male,34.0,0,0,8.05,U,S,Mr,U,364506
463,0,1,male,47.0,0,0,38.5,E,S,Mr,U,111320
464,0,2,male,48.0,0,0,13.0,U,S,Mr,U,234360
465,0,3,male,29.69911764705882,0,0,8.05,U,S,Mr,AS,2816
466,0,3,male,38.0,0,0,7.05,U,S,Mr,SOTONOQ,3101306
467,0,2,male,29.69911764705882,0,0,0.0,U,S,Mr,U,239853
468,0,1,male,56.0,0,0,26.55,U,S,Mr,U,113792
469,0,3,male,29.69911764705882,0,0,7.725,U,Q,Mr,U,36209
470,1,3,female,0.75,2,1,19.2583,U,C,Miss,U,2666
471,0,3,male,29.69911764705882,0,0,7.25,U,S,Mr,U,323592
472,0,3,male,38.0,0,0,8.6625,U,S,Mr,U,315089
473,1,2,female,33.0,1,2,27.75,U,S,Mrs,CA,34651
474,1,2,female,23.0,0,0,13.7917,D,C,Mrs,SCAH,541
475,0,3,female,22.0,0,0,9.8375,U,S,Miss,U,7553
476,0,1,male,29.69911764705882,0,0,52.0,A,S,Mr,U,110465
477,0,2,male,34.0,1,0,21.0,U,S,Mr,U,31027
478,0,3,male,29.0,1,0,7.0458,U,S,Mr,U,3460
479,0,3,male,22.0,0,0,7.5208,U,S,Mr,U,350060
480,1,3,female,2.0,0,1,12.2875,U,S,Miss,U,3101298
481,0,3,male,9.0,5,2,46.9,U,S,Master,CA,2144
482,0,2,male,29.69911764705882,0,0,0.0,U,S,Mr,U,239854
483,0,3,male,50.0,0,0,8.05,U,S,Mr,A,3594
484,1,3,female,63.0,0,0,9.5875,U,S,Mrs,U,4134
485,1,1,male,25.0,1,0,91.0792,B,C,Mr,U,11967
486,0,3,female,29.69911764705882,3,1,25.4667,U,S,Miss,U,4133
487,1,1,female,35.0,1,0,90.0,C,S,Mrs,U,19943
488,0,1,male,58.0,0,0,29.7,B,C,Mr,U,11771
489,0,3,male,30.0,0,0,8.05,U,S,Mr,A,18509
490,1,3,male,9.0,1,1,15.9,U,S,Master,CA,37671
491,0,3,male,29.69911764705882,1,0,19.9667,U,S,Mr,U,65304
492,0,3,male,21.0,0,0,7.25,U,S,Mr,SOTONOQ,3101317
493,0,1,male,55.0,0,0,30.5,C,S,Mr,U,113787
494,0,1,male,71.0,0,0,49.5042,U,C,Mr,PC,17609
495,0,3,male,21.0,0,0,8.05,U,S,Mr,A,45380
496,0,3,male,29.69911764705882,0,0,14.4583,U,C,Mr,U,2627
497,1,1,female,54.0,1,0,78.2667,D,C,Miss,U,36947
498,0,3,male,29.69911764705882,0,0,15.1,U,S,Mr,CA,6212
499,0,1,female,25.0,1,2,151.55,C,S,Mrs,U,113781
500,0,3,male,24.0,0,0,7.7958,U,S,Mr,U,350035
501,0,3,male,17.0,0,0,8.6625,U,S,Mr,U,315086
502,0,3,female,21.0,0,0,7.75,U,Q,Miss,U,364846
503,0,3,female,29.69911764705882,0,0,7.6292,U,Q,Miss,U,330909
504,0,3,female,37.0,0,0,9.5875,U,S,Miss,U,4135
505,1,1,female,16.0,0,0,86.5,B,S,Miss,U,110152
506,0,1,male,18.0,1,0,108.9,C,C,Mr,PC,17758
507,1,2,female,33.0,0,2,26.0,U,S,Mrs,U,26360
508,1,1,male,29.69911764705882,0,0,26.55,U,S,Mr,U,111427
509,0,3,male,28.0,0,0,22.525,U,S,Mr,C,4001
510,1,3,male,26.0,0,0,56.4958,U,S,Mr,U,1601
511,1,3,male,29.0,0,0,7.75,U,Q,Mr,U,382651
512,0,3,male,29.69911764705882,0,0,8.05,U,S,Mr,SOTONOQ,3101316
513,1,1,male,36.0,0,0,26.2875,E,S,Mr,PC,17473
514,1,1,female,54.0,1,0,59.4,U,C,Mrs,PC,17603
515,0,3,male,24.0,0,0,7.4958,U,S,Mr,U,349209
516,0,1,male,47.0,0,0,34.0208,D,S,Mr,U,36967
517,1,2,female,34.0,0,0,10.5,F,S,Mrs,CA,34260
518,0,3,male,29.69911764705882,0,0,24.15,U,Q,Mr,U,371110
519,1,2,female,36.0,1,0,26.0,U,S,Mrs,U,226875
520,0,3,male,32.0,0,0,7.8958,U,S,Mr,U,349242
521,1,1,female,30.0,0,0,93.5,B,S,Miss,U,12749
522,0,3,male,22.0,0,0,7.8958,U,S,Mr,U,349252
523,0,3,male,29.69911764705882,0,0,7.225,U,C,Mr,U,2624
524,1,1,female,44.0,0,1,57.9792,B,C,Mrs,U,111361
525,0,3,male,29.69911764705882,0,0,7.2292,U,C,Mr,U,2700
526,0,3,male,40.5,0,0,7.75,U,Q,Mr,U,367232
527,1,2,female,50.0,0,0,10.5,U,S,Miss,WC,14258
528,0,1,male,29.69911764705882,0,0,221.7792,C,S,Mr,PC,17483
529,0,3,male,39.0,0,0,7.925,U,S,Mr,U,3101296
530,0,2,male,23.0,2,1,11.5,U,S,Mr,U,29104
531,1,2,female,2.0,1,1,26.0,U,S,Miss,U,26360
532,0,3,male,29.69911764705882,0,0,7.2292,U,C,Mr,U,2641
533,0,3,male,17.0,1,1,7.2292,U,C,Mr,U,2690
534,1,3,female,29.69911764705882,0,2,22.3583,U,C,Mrs,U,2668
535,0,3,female,30.0,0,0,8.6625,U,S,Miss,U,315084
536,1,2,female,7.0,0,2,26.25,U,S,Miss,FCC,13529
537,0,1,male,45.0,0,0,26.55,B,S,Major,U,113050
538,1,1,female,30.0,0,0,106.425,U,C,Miss,PC,17761
539,0,3,male,29.69911764705882,0,0,14.5,U,S,Mr,U,364498
540,1,1,female,22.0,0,2,49.5,B,C,Miss,U,13568
541,1,1,female,36.0,0,2,71.0,B,S,Miss,WEP,5735
542,0,3,female,9.0,4,2,31.275,U,S,Miss,U,347082
543,0,3,female,11.0,4,2,31.275,U,S,Miss,U,347082
544,1,2,male,32.0,1,0,26.0,U,S,Mr,U,2908
545,0,1,male,50.0,1,0,106.425,C,C,Mr,PC,17761
546,0,1,male,64.0,0,0,26.0,U,S,Mr,U,693
547,1,2,female,19.0,1,0,26.0,U,S,Mrs,U,2908
548,1,2,male,29.69911764705882,0,0,13.8625,U,C,Mr,SCPARIS,2146
549,0,3,male,33.0,1,1,20.525,U,S,Mr,U,363291
550,1,2,male,8.0,1,1,36.75,U,S,Master,CA,33112
551,1,1,male,17.0,0,2,110.8833,C,C,Mr,U,17421
552,0,2,male,27.0,0,0,26.0,U,S,Mr,U,244358
553,0,3,male,29.69911764705882,0,0,7.8292,U,Q,Mr,U,330979
554,1,3,male,22.0,0,0,7.225,U,C,Mr,U,2620
555,1,3,female,22.0,0,0,7.775,U,S,Miss,U,347085
556,0,1,male,62.0,0,0,26.55,U,S,Mr,U,113807
557,1,1,female,48.0,1,0,39.6,A,C,Lady,U,11755
558,0,1,male,29.69911764705882,0,0,227.525,U,C,Mr,PC,17757
559,1,1,female,39.0,1,1,79.65,E,S,Mrs,U,110413
560,1,3,female,36.0,1,0,17.4,U,S,Mrs,U,345572
561,0,3,male,29.69911764705882,0,0,7.75,U,Q,Mr,U,372622
562,0,3,male,40.0,0,0,7.8958,U,S,Mr,U,349251
563,0,2,male,28.0,0,0,13.5,U,S,Mr,U,218629
564,0,3,male,29.69911764705882,0,0,8.05,U,S,Mr,SOTONOQ,392082
565,0,3,female,29.69911764705882,0,0,8.05,U,S,Miss,SOTONOQ,392087
566,0,3,male,24.0,2,0,24.15,U,S,Mr,A,48871
567,0,3,male,19.0,0,0,7.8958,U,S,Mr,U,349205
568,0,3,female,29.0,0,4,21.075,U,S,Mrs,U,349909
569,0,3,male,29.69911764705882,0,0,7.2292,U,C,Mr,U,2686
570,1,3,male,32.0,0,0,7.8542,U,S,Mr,U,350417
571,1,2,male,62.0,0,0,10.5,U,S,Mr,SWPP,752
572,1,1,female,53.0,2,0,51.4792,C,S,Mrs,U,11769
573,1,1,male,36.0,0,0,26.3875,E,S,Mr,PC,17474
574,1,3,female,29.69911764705882,0,0,7.75,U,Q,Miss,U,14312
575,0,3,male,16.0,0,0,8.05,U,S,Mr,A,20589
576,0,3,male,19.0,0,0,14.5,U,S,Mr,U,358585
577,1,2,female,34.0,0,0,13.0,U,S,Miss,U,243880
578,1,1,female,39.0,1,0,55.9,E,S,Mrs,U,13507
579,0,3,female,29.69911764705882,1,0,14.4583,U,C,Mrs,U,2689
580,1,3,male,32.0,0,0,7.925,U,S,Mr,STONO,23101286
581,1,2,female,25.0,1,1,30.0,U,S,Miss,U,237789
582,1,1,female,39.0,1,1,110.8833,C,C,Mrs,U,17421
583,0,2,male,54.0,0,0,26.0,U,S,Mr,U,28403
584,0,1,male,36.0,0,0,40.125,A,C,Mr,U,13049
585,0,3,male,29.69911764705882,0,0,8.7125,U,C,Mr,U,3411
586,1,1,female,18.0,0,2,79.65,E,S,Miss,U,110413
587,0,2,male,47.0,0,0,15.0,U,S,Mr,U,237565
588,1,1,male,60.0,1,1,79.2,B,C,Mr,U,13567
589,0,3,male,22.0,0,0,8.05,U,S,Mr,U,14973
590,0,3,male,29.69911764705882,0,0,8.05,U,S,Mr,A,3235
591,0,3,male,35.0,0,0,7.125,U,S,Mr,STONO,23101273
592,1,1,female,52.0,1,0,78.2667,D,C,Mrs,U,36947
593,0,3,male,47.0,0,0,7.25,U,S,Mr,A,3902
594,0,3,female,29.69911764705882,0,2,7.75,U,Q,Miss,U,364848
595,0,2,male,37.0,1,0,26.0,U,S,Mr,SCAH,29037
596,0,3,male,36.0,1,1,24.15,U,S,Mr,U,345773
597,1,2,female,29.69911764705882,0,0,33.0,U,S,Miss,U,248727
598,0,3,male,49.0,0,0,0.0,U,S,Mr,LINE,0
599,0,3,male,29.69911764705882,0,0,7.225,U,C,Mr,U,2664
600,1,1,male,49.0,1,0,56.9292,A,C,Sir,PC,17485
601,1,2,female,24.0,2,1,27.0,U,S,Mrs,U,243847
602,0,3,male,29.69911764705882,0,0,7.8958,U,S,Mr,U,349214
603,0,1,male,29.69911764705882,0,0,42.4,U,S,Mr,U,113796
604,0,3,male,44.0,0,0,8.05,U,S,Mr,U,364511
605,1,1,male,35.0,0,0,26.55,U,C,Mr,U,111426
606,0,3,male,36.0,1,0,15.55,U,S,Mr,U,349910
607,0,3,male,30.0,0,0,7.8958,U,S,Mr,U,349246
608,1,1,male,27.0,0,0,30.5,U,S,Mr,U,113804
609,1,2,female,22.0,1,2,41.5792,U,C,Mrs,SCParis,2123
610,1,1,female,40.0,0,0,153.4625,C,S,Miss,PC,17582
611,0,3,female,39.0,1,5,31.275,U,S,Mrs,U,347082
612,0,3,male,29.69911764705882,0,0,7.05,U,S,Mr,SOTONOQ,3101305
613,1,3,female,29.69911764705882,1,0,15.5,U,Q,Miss,U,367230
614,0,3,male,29.69911764705882,0,0,7.75,U,Q,Mr,U,370377
615,0,3,male,35.0,0,0,8.05,U,S,Mr,U,364512
616,1,2,female,24.0,1,2,65.0,U,S,Miss,U,220845
617,0,3,male,34.0,1,1,14.4,U,S,Mr,U,347080
618,0,3,female,26.0,1,0,16.1,U,S,Mrs,A,3336
619,1,2,female,4.0,2,1,39.0,F,S,Miss,U,230136
620,0,2,male,26.0,0,0,10.5,U,S,Mr,U,31028
621,0,3,male,27.0,1,0,14.4542,U,C,Mr,U,2659
622,1,1,male,42.0,1,0,52.5542,D,S,Mr,U,11753
623,1,3,male,20.0,1,1,15.7417,U,C,Mr,U,2653
624,0,3,male,21.0,0,0,7.8542,U,S,Mr,U,350029
625,0,3,male,21.0,0,0,16.1,U,S,Mr,U,54636
626,0,1,male,61.0,0,0,32.3208,D,S,Mr,U,36963
627,0,2,male,57.0,0,0,12.35,U,Q,Rev,U,219533
628,1,1,female,21.0,0,0,77.9583,D,S,Miss,U,13502
629,0,3,male,26.0,0,0,7.8958,U,S,Mr,U,349224
630,0,3,male,29.69911764705882,0,0,7.7333,U,Q,Mr,U,334912
631,1,1,male,80.0,0,0,30.0,A,S,Mr,U,27042
632,0,3,male,51.0,0,0,7.0542,U,S,Mr,U,347743
633,1,1,male,32.0,0,0,30.5,B,C,Dr,U,13214
634,0,1,male,29.69911764705882,0,0,0.0,U,S,Mr,U,112052
635,0,3,female,9.0,3,2,27.9,U,S,Miss,U,347088
636,1,2,female,28.0,0,0,13.0,U,S,Miss,U,237668
637,0,3,male,32.0,0,0,7.925,U,S,Mr,STONO,23101292
638,0,2,male,31.0,1,1,26.25,U,S,Mr,CA,31921
639,0,3,female,41.0,0,5,39.6875,U,S,Mrs,U,3101295
640,0,3,male,29.69911764705882,1,0,16.1,U,S,Mr,U,376564
641,0,3,male,20.0,0,0,7.8542,U,S,Mr,U,350050
642,1,1,female,24.0,0,0,69.3,B,C,Mlle,PC,17477
643,0,3,female,2.0,3,2,27.9,U,S,Miss,U,347088
644,1,3,male,29.69911764705882,0,0,56.4958,U,S,Mr,U,1601
645,1,3,female,0.75,2,1,19.2583,U,C,Miss,U,2666
646,1,1,male,48.0,1,0,76.7292,D,C,Mr,PC,17572
647,0,3,male,19.0,0,0,7.8958,U,S,Mr,U,349231
648,1,1,male,56.0,0,0,35.5,A,C,Col,U,13213
649,0,3,male,29.69911764705882,0,0,7.55,U,S,Mr,SOPP,751
650,1,3,female,23.0,0,0,7.55,U,S,Miss,CA,2314
651,0,3,male,29.69911764705882,0,0,7.8958,U,S,Mr,U,349221
652,1,2,female,18.0,0,1,23.0,U,S,Miss,U,231919
653,0,3,male,21.0,0,0,8.4333,U,S,Mr,U,8475
654,1,3,female,29.69911764705882,0,0,7.8292,U,Q,Miss,U,330919
655,0,3,female,18.0,0,0,6.75,U,Q,Miss,U,365226
656,0,2,male,24.0,2,0,73.5,U,S,Mr,SOC,14879
657,0,3,male,29.69911764705882,0,0,7.8958,U,S,Mr,U,349223
658,0,3,female,32.0,1,1,15.5,U,Q,Mrs,U,364849
659,0,2,male,23.0,0,0,13.0,U,S,Mr,U,29751
660,0,1,male,58.0,0,2,113.275,D,C,Mr,U,35273
661,1,1,male,50.0,2,0,133.65,U,S,Dr,PC,17611
662,0,3,male,40.0,0,0,7.225,U,C,Mr,U,2623
663,0,1,male,47.0,0,0,25.5875,E,S,Mr,U,5727
664,0,3,male,36.0,0,0,7.4958,U,S,Mr,U,349210
665,1,3,male,20.0,1,0,7.925,U,S,Mr,STONO,23101285
666,0,2,male,32.0,2,0,73.5,U,S,Mr,SOC,14879
667,0,2,male,25.0,0,0,13.0,U,S,Mr,U,234686
668,0,3,male,29.69911764705882,0,0,7.775,U,S,Mr,U,312993
669,0,3,male,43.0,0,0,8.05,U,S,Mr,A,3536
670,1,1,female,29.69911764705882,1,0,52.0,C,S,Mrs,U,19996
671,1,2,female,40.0,1,1,39.0,U,S,Mrs,U,29750
672,0,1,male,31.0,1,0,52.0,B,S,Mr,FC,12750
673,0,2,male,70.0,0,0,10.5,U,S,Mr,CA,24580
674,1,2,male,31.0,0,0,13.0,U,S,Mr,U,244270
675,0,2,male,29.69911764705882,0,0,0.0,U,S,Mr,U,239856
676,0,3,male,18.0,0,0,7.775,U,S,Mr,U,349912
677,0,3,male,24.5,0,0,8.05,U,S,Mr,U,342826
678,1,3,female,18.0,0,0,9.8417,U,S,Miss,U,4138
679,0,3,female,43.0,1,6,46.9,U,S,Mrs,CA,2144
680,1,1,male,36.0,0,1,512.3292,B,C,Mr,PC,17755
681,0,3,female,29.69911764705882,0,0,8.1375,U,Q,Miss,U,330935
682,1,1,male,27.0,0,0,76.7292,D,C,Mr,PC,17572
683,0,3,male,20.0,0,0,9.225,U,S,Mr,U,6563
684,0,3,male,14.0,5,2,46.9,U,S,Mr,CA,2144
685,0,2,male,60.0,1,1,39.0,U,S,Mr,U,29750
686,0,2,male,25.0,1,2,41.5792,U,C,Mr,SCParis,2123
687,0,3,male,14.0,4,1,39.6875,U,S,Mr,U,3101295
688,0,3,male,19.0,0,0,10.1708,U,S,Mr,U,349228
689,0,3,male,18.0,0,0,7.7958,U,S,Mr,U,350036
690,1,1,female,15.0,0,1,211.3375,B,S,Miss,U,24160
691,1,1,male,31.0,1,0,57.0,B,S,Mr,U,17474
692,1,3,female,4.0,0,1,13.4167,U,C,Miss,U,349256
693,1,3,male,29.69911764705882,0,0,56.4958,U,S,Mr,U,1601
694,0,3,male,25.0,0,0,7.225,U,C,Mr,U,2672
695,0,1,male,60.0,0,0,26.55,U,S,Col,U,113800
696,0,2,male,52.0,0,0,13.5,U,S,Mr,U,248731
697,0,3,male,44.0,0,0,8.05,U,S,Mr,U,363592
698,1,3,female,29.69911764705882,0,0,7.7333,U,Q,Miss,U,35852
699,0,1,male,49.0,1,1,110.8833,C,C,Mr,U,17421
700,0,3,male,42.0,0,0,7.65,F,S,Mr,U,348121
701,1,1,female,18.0,1,0,227.525,C,C,Mrs,PC,17757
702,1,1,male,35.0,0,0,26.2875,E,S,Mr,PC,17475
703,0,3,female,18.0,0,1,14.4542,U,C,Miss,U,2691
704,0,3,male,25.0,0,0,7.7417,U,Q,Mr,U,36864
705,0,3,male,26.0,1,0,7.8542,U,S,Mr,U,350025
706,0,2,male,39.0,0,0,26.0,U,S,Mr,U,250655
707,1,2,female,45.0,0,0,13.5,U,S,Mrs,U,223596
708,1,1,male,42.0,0,0,26.2875,E,S,Mr,PC,17476
709,1,1,female,22.0,0,0,151.55,U,S,Miss,U,113781
710,1,3,male,29.69911764705882,1,1,15.2458,U,C,Master,U,2661
711,1,1,female,24.0,0,0,49.5042,C,C,Mlle,PC,17482
712,0,1,male,29.69911764705882,0,0,26.55,C,S,Mr,U,113028
713,1,1,male,48.0,1,0,52.0,C,S,Mr,U,19996
714,0,3,male,29.0,0,0,9.4833,U,S,Mr,U,7545
715,0,2,male,52.0,0,0,13.0,U,S,Mr,U,250647
716,0,3,male,19.0,0,0,7.65,F,S,Mr,U,348124
717,1,1,female,38.0,0,0,227.525,C,C,Miss,PC,17757
718,1,2,female,27.0,0,0,10.5,E,S,Miss,U,34218
719,0,3,male,29.69911764705882,0,0,15.5,U,Q,Mr,U,36568
720,0,3,male,33.0,0,0,7.775,U,S,Mr,U,347062
721,1,2,female,6.0,0,1,33.0,U,S,Miss,U,248727
722,0,3,male,17.0,1,0,7.0542,U,S,Mr,U,350048
723,0,2,male,34.0,0,0,13.0,U,S,Mr,U,12233
724,0,2,male,50.0,0,0,13.0,U,S,Mr,U,250643
725,1,1,male,27.0,1,0,53.1,E,S,Mr,U,113806
726,0,3,male,20.0,0,0,8.6625,U,S,Mr,U,315094
727,1,2,female,30.0,3,0,21.0,U,S,Mrs,U,31027
728,1,3,female,29.69911764705882,0,0,7.7375,U,Q,Miss,U,36866
729,0,2,male,25.0,1,0,26.0,U,S,Mr,U,236853
730,0,3,female,25.0,1,0,7.925,U,S,Miss,STONO,3101271
731,1,1,female,29.0,0,0,211.3375,B,S,Miss,U,24160
732,0,3,male,11.0,0,0,18.7875,U,C,Mr,U,2699
733,0,2,male,29.69911764705882,0,0,0.0,U,S,Mr,U,239855
734,0,2,male,23.0,0,0,13.0,U,S,Mr,U,28425
735,0,2,male,23.0,0,0,13.0,U,S,Mr,U,233639
736,0,3,male,28.5,0,0,16.1,U,S,Mr,U,54636
737,0,3,female,48.0,1,3,34.375,U,S,Mrs,WC,6608
738,1,1,male,35.0,0,0,512.3292,B,C,Mr,PC,17755
739,0,3,male,29.69911764705882,0,0,7.8958,U,S,Mr,U,349201
740,0,3,male,29.69911764705882,0,0,7.8958,U,S,Mr,U,349218
741,1,1,male,29.69911764705882,0,0,30.0,D,S,Mr,U,16988
742,0,1,male,36.0,1,0,78.85,C,S,Mr,U,19877
743,1,1,female,21.0,2,2,262.375,B,C,Miss,PC,17608
744,0,3,male,24.0,1,0,16.1,U,S,Mr,U,376566
745,1,3,male,31.0,0,0,7.925,U,S,Mr,STONO,23101288
746,0,1,male,70.0,1,1,71.0,B,S,Capt,WEP,5735
747,0,3,male,16.0,1,1,20.25,U,S,Mr,CA,2673
748,1,2,female,30.0,0,0,13.0,U,S,Miss,U,250648
749,0,1,male,19.0,1,0,53.1,D,S,Mr,U,113773
750,0,3,male,31.0,0,0,7.75,U,Q,Mr,U,335097
751,1,2,female,4.0,1,1,23.0,U,S,Miss,U,29103
752,1,3,male,6.0,0,1,12.475,E,S,Master,U,392096
753,0,3,male,33.0,0,0,9.5,U,S,Mr,U,345780
754,0,3,male,23.0,0,0,7.8958,U,S,Mr,U,349204
755,1,2,female,48.0,1,2,65.0,U,S,Mrs,U,220845
756,1,2,male,0.67,1,1,14.5,U,S,Master,U,250649
757,0,3,male,28.0,0,0,7.7958,U,S,Mr,U,350042
758,0,2,male,18.0,0,0,11.5,U,S,Mr,U,29108
759,0,3,male,34.0,0,0,8.05,U,S,Mr,U,363294
760,1,1,female,33.0,0,0,86.5,B,S,the,U,110152
761,0,3,male,29.69911764705882,0,0,14.5,U,S,Mr,U,358585
762,0,3,male,41.0,0,0,7.125,U,S,Mr,SOTONO,3101272
763,1,3,male,20.0,0,0,7.2292,U,C,Mr,U,2663
764,1,1,female,36.0,1,2,120.0,B,S,Mrs,U,113760
765,0,3,male,16.0,0,0,7.775,U,S,Mr,U,347074
766,1,1,female,51.0,1,0,77.9583,D,S,Mrs,U,13502
767,0,1,male,29.69911764705882,0,0,39.6,U,C,Dr,U,112379
768,0,3,female,30.5,0,0,7.75,U,Q,Miss,U,364850
769,0,3,male,29.69911764705882,1,0,24.15,U,Q,Mr,U,371110
770,0,3,male,32.0,0,0,8.3625,U,S,Mr,U,8471
771,0,3,male,24.0,0,0,9.5,U,S,Mr,U,345781
772,0,3,male,48.0,0,0,7.8542,U,S,Mr,U,350047
773,0,2,female,57.0,0,0,10.5,E,S,Mrs,SOPP,3
774,0,3,male,29.69911764705882,0,0,7.225,U,C,Mr,U,2674
775,1,2,female,54.0,1,3,23.0,U,S,Mrs,U,29105
776,0,3,male,18.0,0,0,7.75,U,S,Mr,U,347078
777,0,3,male,29.69911764705882,0,0,7.75,F,Q,Mr,U,383121
778,1,3,female,5.0,0,0,12.475,U,S,Miss,U,364516
779,0,3,male,29.69911764705882,0,0,7.7375,U,Q,Mr,U,36865
780,1,1,female,43.0,0,1,211.3375,B,S,Mrs,U,24160
781,1,3,female,13.0,0,0,7.2292,U,C,Miss,U,2687
782,1,1,female,17.0,1,0,57.0,B,S,Mrs,U,17474
783,0,1,male,29.0,0,0,30.0,D,S,Mr,U,113501
784,0,3,male,29.69911764705882,1,2,23.45,U,S,Mr,WC,6607
785,0,3,male,25.0,0,0,7.05,U,S,Mr,SOTONOQ,3101312
786,0,3,male,25.0,0,0,7.25,U,S,Mr,U,374887
787,1,3,female,18.0,0,0,7.4958,U,S,Miss,U,3101265
788,0,3,male,8.0,4,1,29.125,U,Q,Master,U,382652
789,1,3,male,1.0,1,2,20.575,U,S,Master,CA,2315
790,0,1,male,46.0,0,0,79.2,B,C,Mr,PC,17593
791,0,3,male,29.69911764705882,0,0,7.75,U,Q,Mr,U,12460
792,0,2,male,16.0,0,0,26.0,U,S,Mr,U,239865
793,0,3,female,29.69911764705882,8,2,69.55,U,S,Miss,CA,2343
794,0,1,male,29.69911764705882,0,0,30.6958,U,C,Mr,PC,17600
795,0,3,male,25.0,0,0,7.8958,U,S,Mr,U,349203
796,0,2,male,39.0,0,0,13.0,U,S,Mr,U,28213
797,1,1,female,49.0,0,0,25.9292,D,S,Dr,U,17465
798,1,3,female,31.0,0,0,8.6833,U,S,Mrs,U,349244
799,0,3,male,30.0,0,0,7.2292,U,C,Mr,U,2685
800,0,3,female,30.0,1,1,24.15,U,S,Mrs,U,345773
801,0,2,male,34.0,0,0,13.0,U,S,Mr,U,250647
802,1,2,female,31.0,1,1,26.25,U,S,Mrs,CA,31921
803,1,1,male,11.0,1,2,120.0,B,S,Master,U,113760
804,1,3,male,0.42,0,1,8.5167,U,C,Master,U,2625
805,1,3,male,27.0,0,0,6.975,U,S,Mr,U,347089
806,0,3,male,31.0,0,0,7.775,U,S,Mr,U,347063
807,0,1,male,39.0,0,0,0.0,A,S,Mr,U,112050
808,0,3,female,18.0,0,0,7.775,U,S,Miss,U,347087
809,0,2,male,39.0,0,0,13.0,U,S,Mr,U,248723
810,1,1,female,33.0,1,0,53.1,E,S,Mrs,U,113806
811,0,3,male,26.0,0,0,7.8875,U,S,Mr,U,3474
812,0,3,male,39.0,0,0,24.15,U,S,Mr,A,48871
813,0,2,male,35.0,0,0,10.5,U,S,Mr,U,28206
814,0,3,female,6.0,4,2,31.275,U,S,Miss,U,347082
815,0,3,male,30.5,0,0,8.05,U,S,Mr,U,364499
816,0,1,male,29.69911764705882,0,0,0.0,B,S,Mr,U,112058
817,0,3,female,23.0,0,0,7.925,U,S,Miss,STONO,3101290
818,0,2,male,31.0,1,1,37.0042,U,C,Mr,SCPARIS,2079
819,0,3,male,43.0,0,0,6.45,U,S,Mr,C,7075
820,0,3,male,10.0,3,2,27.9,U,S,Master,U,347088
821,1,1,female,52.0,1,1,93.5,B,S,Mrs,U,12749
822,1,3,male,27.0,0,0,8.6625,U,S,Mr,U,315098
823,0,1,male,38.0,0,0,0.0,U,S,Jonkheer,U,19972
824,1,3,female,27.0,0,1,12.475,E,S,Mrs,U,392096
825,0,3,male,2.0,4,1,39.6875,U,S,Master,U,3101295
826,0,3,male,29.69911764705882,0,0,6.95,U,Q,Mr,U,368323
827,0,3,male,29.69911764705882,0,0,56.4958,U,S,Mr,U,1601
828,1,2,male,1.0,0,2,37.0042,U,C,Master,SCPARIS,2079
829,1,3,male,29.69911764705882,0,0,7.75,U,Q,Mr,U,367228
830,1,1,female,62.0,0,0,80.0,B,U,Mrs,U,113572
831,1,3,female,15.0,1,0,14.4542,U,C,Mrs,U,2659
832,1,2,male,0.83,1,1,18.75,U,S,Master,U,29106
833,0,3,male,29.69911764705882,0,0,7.2292,U,C,Mr,U,2671
834,0,3,male,23.0,0,0,7.8542,U,S,Mr,U,347468
835,0,3,male,18.0,0,0,8.3,U,S,Mr,U,2223
836,1,1,female,39.0,1,1,83.1583,E,C,Miss,PC,17756
837,0,3,male,21.0,0,0,8.6625,U,S,Mr,U,315097
838,0,3,male,29.69911764705882,0,0,8.05,U,S,Mr,U,392092
839,1,3,male,32.0,0,0,56.4958,U,S,Mr,U,1601
840,1,1,male,29.69911764705882,0,0,29.7,C,C,Mr,U,11774
841,0,3,male,20.0,0,0,7.925,U,S,Mr,SOTONO,3101287
842,0,2,male,16.0,0,0,10.5,U,S,Mr,SOPP,3
843,1,1,female,30.0,0,0,31.0,U,C,Miss,U,113798
844,0,3,male,34.5,0,0,6.4375,U,C,Mr,U,2683
845,0,3,male,17.0,0,0,8.6625,U,S,Mr,U,315090
846,0,3,male,42.0,0,0,7.55,U,S,Mr,CA,5547
847,0,3,male,29.69911764705882,8,2,69.55,U,S,Mr,CA,2343
848,0,3,male,35.0,0,0,7.8958,U,C,Mr,U,349213
849,0,2,male,28.0,0,1,33.0,U,S,Rev,U,248727
850,1,1,female,29.69911764705882,1,0,89.1042,C,C,Mrs,U,17453
851,0,3,male,4.0,4,2,31.275,U,S,Master,U,347082
852,0,3,male,74.0,0,0,7.775,U,S,Mr,U,347060
853,0,3,female,9.0,1,1,15.2458,U,C,Miss,U,2678
854,1,1,female,16.0,0,1,39.4,D,S,Miss,PC,17592
855,0,2,female,44.0,1,0,26.0,U,S,Mrs,U,244252
856,1,3,female,18.0,0,1,9.35,U,S,Mrs,U,392091
857,1,1,female,45.0,1,1,164.8667,U,S,Mrs,U,36928
858,1,1,male,51.0,0,0,26.55,E,S,Mr,U,113055
859,1,3,female,24.0,0,3,19.2583,U,C,Mrs,U,2666
860,0,3,male,29.69911764705882,0,0,7.2292,U,C,Mr,U,2629
861,0,3,male,41.0,2,0,14.1083,U,S,Mr,U,350026
862,0,2,male,21.0,1,0,11.5,U,S,Mr,U,28134
863,1,1,female,48.0,0,0,25.9292,D,S,Mrs,U,17466
864,0,3,female,29.69911764705882,8,2,69.55,U,S,Miss,CA,2343
865,0,2,male,24.0,0,0,13.0,U,S,Mr,U,233866
866,1,2,female,42.0,0,0,13.0,U,S,Mrs,U,236852
867,1,2,female,27.0,1,0,13.8583,U,C,Miss,SCPARIS,2149
868,0,1,male,31.0,0,0,50.4958,A,S,Mr,PC,17590
869,0,3,male,29.69911764705882,0,0,9.5,U,S,Mr,U,345777
870,1,3,male,4.0,1,1,11.1333,U,S,Master,U,347742
871,0,3,male,26.0,0,0,7.8958,U,S,Mr,U,349248
872,1,1,female,47.0,1,1,52.5542,D,S,Mrs,U,11751
873,0,1,male,33.0,0,0,5.0,B,S,Mr,U,695
874,0,3,male,47.0,0,0,9.0,U,S,Mr,U,345765
875,1,2,female,28.0,1,0,24.0,U,C,Mrs,PPP,3381
876,1,3,female,15.0,0,0,7.225,U,C,Miss,U,2667
877,0,3,male,20.0,0,0,9.8458,U,S,Mr,U,7534
878,0,3,male,19.0,0,0,7.8958,U,S,Mr,U,349212
879,0,3,male,29.69911764705882,0,0,7.8958,U,S,Mr,U,349217
880,1,1,female,56.0,0,1,83.1583,C,C,Mrs,U,11767
881,1,2,female,25.0,0,1,26.0,U,S,Mrs,U,230433
882,0,3,male,33.0,0,0,7.8958,U,S,Mr,U,349257
883,0,3,female,22.0,0,0,10.5167,U,S,Miss,U,7552
884,0,2,male,28.0,0,0,10.5,U,S,Mr,CASOTON,34068
885,0,3,male,25.0,0,0,7.05,U,S,Mr,SOTONOQ,392076
886,0,3,female,39.0,0,5,29.125,U,Q,Mrs,U,382652
887,0,2,male,27.0,0,0,13.0,U,S,Rev,U,211536
888,1,1,female,19.0,0,0,30.0,B,S,Miss,U,112053
889,0,3,female,29.69911764705882,1,2,23.45,U,S,Miss,WC,6607
890,1,1,male,26.0,0,0,30.0,C,C,Mr,U,111369
891,0,3,male,32.0,0,0,7.75,U,Q,Mr,U,370376
